,season,player,Rank_LastYear,2018 Rank,Points,Rebounds,Assists,Steals,Blocks,Turnovers,3PM,FT%,FG%
0,2018,Anthony Davis,1,1,25.26,10.88,3.02,1.44,2.25,2.22,0.98,0.803,0.508
1,2018,Stephen Curry,2,4,25.96,4.59,6.65,1.53,0.18,3.13,3.91,0.869,0.476
2,2018,Kevin Durant,3,2,25.23,7.25,5.61,0.86,1.42,3.08,2.38,0.874,0.507
3,2018,James Harden,4,5,28.11,6.45,7.70,1.66,0.59,4.65,3.94,0.855,0.435
4,2018,Karl-Anthony Towns,5,3,23.03,12.10,3.01,0.93,1.31,2.17,1.79,0.824,0.527
5,2018,LeBron James,6,11,24.64,9.06,7.55,1.32,0.76,4.30,1.81,0.730,0.510
6,2018,Giannis Antetokounmpo,7,7,24.70,9.78,4.99,1.45,1.37,2.92,0.82,0.761,0.508
7,2018,Damian Lillard,8,8,26.98,4.79,6.87,1.12,0.35,2.75,3.40,0.857,0.426
8,2018,Chris Paul,9,9,17.35,4.98,8.28,1.63,0.16,2.19,2.39,0.875,0.462
9,2018,Jimmy Butler,10,15,20.94,5.28,4.39,1.64,0.38,1.73,1.52,0.831,0.452
10,2018,Victor Oladipo,11,16,20.91,5.38,4.28,1.86,0.63,2.65,2.15,0.805,0.447
11,2018,Nikola Jokic,13,6,20.14,10.68,6.33,1.19,0.80,2.72,1.83,0.813,0.511
12,2018,Kyrie Irving,14,13,23.63,3.94,5.70,1.24,0.32,2.64,3.12,0.848,0.460
13,2018,LaMarcus Aldridge,16,35,18.90,7.91,2.09,0.58,1.03,1.48,0.44,0.793,0.493
14,2018,MarShon Brooks,17,70,16.14,2.50,2.83,1.11,0.30,1.88,1.92,0.815,0.470
15,2018,Paul George,18,18,21.39,6.07,2.76,1.65,0.48,2.39,2.92,0.837,0.412
16,2018,Jrue Holiday,20,22,17.30,4.24,5.53,1.39,0.65,2.34,1.78,0.809,0.462
17,2018,Khris Middleton,21,29,18.68,4.61,3.56,1.33,0.28,2.07,1.85,0.867,0.450
18,2018,Nikola Vucevic,22,19,16.59,9.04,3.27,0.90,0.94,1.71,1.14,0.782,0.482
19,2018,Kyle Lowry,23,23,17.65,5.18,6.81,1.21,0.23,2.53,2.83,0.824,0.412
20,2018,Otto Porter,24,21,14.12,6.15,2.09,1.38,0.49,1.14,1.88,0.796,0.493
21,2018,Kawhi Leonard,25,10,20.13,4.67,3.33,1.64,0.78,1.73,1.67,0.838,0.478
22,2018,Kevin Love,26,42,16.53,8.92,2.24,0.66,0.43,1.69,2.06,0.840,0.433
23,2018,Andre Drummond,27,24,15.72,14.52,2.90,1.47,1.43,2.27,0.18,0.587,0.524
24,2018,Russell Westbrook,28,12,25.23,9.93,9.46,1.69,0.35,4.54,1.67,0.795,0.433
25,2018,Kemba Walker,29,20,22.31,3.41,5.93,1.19,0.29,2.29,2.77,0.816,0.423
26,2018,Eric Bledsoe,30,37,16.56,3.84,4.60,1.52,0.49,2.55,1.73,0.805,0.455
27,2018,Joel Embiid,31,14,25.21,10.17,3.78,0.79,1.81,3.40,1.32,0.792,0.458
28,2018,Rudy Gobert,32,26,14.18,10.61,1.76,0.78,2.02,1.85,0.11,0.672,0.594
29,2018,Draymond Green,33,25,9.45,7.47,5.68,1.36,1.11,2.24,1.31,0.747,0.442
30,2018,Robert Covington,34,33,10.66,5.41,1.97,1.59,0.77,1.31,2.18,0.823,0.410
31,2018,Gary Harris,35,38,17.22,3.08,3.07,1.44,0.21,1.84,2.24,0.806,0.467
32,2018,Klay Thompson,36,36,18.95,3.57,2.34,0.79,0.45,1.66,2.96,0.840,0.467
33,2018,Clint Capela,37,62,14.57,10.11,1.61,0.81,1.60,1.51,0.09,0.501,0.601
34,2018,Nikola Mirotic,38,31,14.24,7.59,1.83,0.98,0.86,1.25,2.14,0.816,0.419
35,2018,Bradley Beal,39,34,21.82,4.25,3.50,1.15,0.39,2.29,2.57,0.797,0.440
36,2018,Lou Williams,40,63,20.39,2.83,4.80,0.90,0.21,2.54,2.25,0.850,0.415
37,2018,Hassan Whiteside,41,43,12.14,10.80,0.96,0.65,1.69,1.61,0.12,0.656,0.548
38,2018,Devin Booker,42,32,24.31,4.44,4.25,0.95,0.33,3.02,2.72,0.838,0.433
39,2018,DeMar DeRozan,43,40,23.60,4.51,4.14,1.00,0.31,1.99,1.11,0.819,0.443
40,2018,Tyreke Evans,44,149,11.20,3.68,3.67,0.93,0.18,1.81,1.29,0.797,0.436
41,2018,Al Horford,45,39,11.16,7.20,3.94,0.66,1.01,1.63,1.15,0.746,0.518
42,2018,Marc Gasol,46,41,15.61,7.22,3.62,0.72,1.23,2.29,1.31,0.798,0.454
43,2018,Darren Collison,47,88,9.64,2.55,4.95,1.07,0.14,1.27,1.36,0.818,0.470
44,2018,Enes Kanter,48,113,12.24,8.49,1.36,0.39,0.47,1.56,0.10,0.809,0.551
45,2018,Ben Simmons,49,17,16.52,8.39,8.37,1.75,0.89,3.29,0.41,0.625,0.520
46,2018,Blake Griffin,50,49,20.92,7.06,4.60,0.81,0.34,2.77,1.61,0.768,0.474
47,2018,CJ McCollum,51,47,20.12,3.86,3.43,0.93,0.40,1.83,2.23,0.826,0.440
48,2018,Josh Richardson,52,48,14.41,3.76,2.92,1.32,0.75,1.57,1.66,0.786,0.437
49,2018,Tobias Harris,53,59,16.89,5.25,2.15,0.68,0.38,1.29,2.06,0.822,0.446
50,2018,Jeff Teague,54,71,13.80,2.87,5.82,1.18,0.27,2.24,1.29,0.844,0.437
51,2018,Will Barton,55,50,13.67,5.44,3.79,1.05,0.55,1.78,2.03,0.798,0.431
52,2018,Myles Turner,56,27,14.02,7.13,1.52,0.77,1.69,1.47,0.84,0.795,0.494
53,2018,Jayson Tatum,58,30,17.17,5.75,2.02,1.15,0.76,1.68,1.47,0.817,0.474
54,2018,Jamal Murray,59,51,18.41,3.85,4.08,1.01,0.34,2.34,2.19,0.846,0.442
55,2018,Donovan Mitchell,60,28,21.18,4.45,4.18,1.51,0.40,2.75,2.44,0.788,0.444
56,2018,John Wall,61,46,17.79,3.52,7.17,1.41,0.79,3.44,1.50,0.782,0.427
57,2018,Trevor Ariza,62,97,10.00,4.37,1.50,1.29,0.20,0.79,1.79,0.745,0.412
58,2018,Joe Ingles,63,79,9.66,3.89,4.07,1.09,0.14,1.62,2.12,0.801,0.446
59,2018,Jonas Valanciunas,64,101,11.54,7.52,1.01,0.37,0.83,1.38,0.41,0.792,0.543
60,2018,Evan Fournier,65,94,16.20,3.22,2.56,0.84,0.21,1.73,2.18,0.822,0.439
61,2018,Danilo Gallinari,67,93,14.94,4.40,1.80,0.58,0.35,1.05,1.60,0.858,0.409
62,2018,J.J. Redick,68,188,13.67,1.09,1.89,0.27,0.00,1.14,2.19,0.869,0.439
63,2018,Kentavious Caldwell-Pope,69,154,10.56,3.83,1.31,1.06,0.11,1.13,1.55,0.807,0.418
64,2018,Aaron Gordon,70,54,16.98,7.27,2.45,0.92,0.71,1.77,1.84,0.726,0.446
65,2018,Thaddeus Young,71,76,9.39,6.22,1.65,1.34,0.40,1.06,0.63,0.683,0.494
66,2018,Patrick Beverley,72,120,8.27,3.84,2.72,1.29,0.31,1.66,1.71,0.813,0.408
67,2018,T.J. Warren,73,122,14.64,3.97,1.00,0.80,0.44,1.18,0.53,0.789,0.494
68,2018,Dario Saric,74,66,14.94,6.59,2.84,0.75,0.37,1.90,2.15,0.825,0.439
69,2018,Taj Gibson,75,134,10.31,6.39,1.25,0.57,0.71,1.09,0.25,0.723,0.519
70,2018,Steven Adams,76,82,13.59,8.68,1.42,1.05,0.95,1.68,0.12,0.556,0.576
71,2018,Kyle Anderson,77,86,7.17,5.34,2.48,1.34,0.66,1.16,0.54,0.731,0.478
72,2018,DeAndre Jordan,78,89,11.87,12.27,1.52,0.56,1.09,1.61,0.05,0.568,0.601
73,2018,Ricky Rubio,79,45,12.76,4.37,7.65,1.61,0.14,2.56,1.23,0.843,0.414
74,2018,Tim Hardaway,80,72,17.22,3.52,2.50,0.90,0.21,1.39,2.25,0.824,0.422
75,2018,Serge Ibaka,81,55,13.24,6.13,1.00,0.47,1.38,1.13,1.19,0.766,0.501
76,2018,Kent Bazemore,82,105,12.63,3.51,3.68,1.19,0.57,2.02,1.51,0.768,0.414
77,2018,Kris Dunn,83,77,10.74,4.03,6.17,1.61,0.49,2.54,0.76,0.756,0.425
78,2018,Paul Millsap,84,81,12.97,5.98,2.31,0.88,0.93,1.64,0.87,0.729,0.469
79,2018,Malcolm Brogdon,85,52,12.24,3.97,3.82,1.08,0.33,1.55,1.82,0.864,0.471
80,2018,Rondae Hollis-Jefferson,86,141,9.57,5.60,1.95,0.94,0.55,1.53,0.39,0.805,0.450
81,2018,Dennis Schroder,87,172,14.77,2.38,4.30,0.78,0.06,2.01,1.16,0.825,0.425
82,2018,Lonzo Ball,88,44,9.29,6.97,6.21,1.62,0.72,2.46,1.55,0.548,0.412
83,2018,Derrick Favors,89,68,11.66,7.07,1.65,0.82,1.02,1.35,0.34,0.682,0.534
84,2018,Dewayne Dedmon,90,143,9.01,6.34,1.03,0.39,0.68,1.13,0.76,0.772,0.518
85,2018,Harrison Barnes,91,117,15.95,4.68,1.98,0.70,0.24,1.35,1.51,0.806,0.437
86,2018,Buddy Hield,92,53,15.86,4.64,2.72,1.04,0.34,1.66,2.36,0.843,0.431
87,2018,Nicolas Batum,94,80,10.77,4.57,4.97,0.90,0.38,1.66,1.52,0.847,0.422
88,2018,Taurean Waller-Prince,95,74,15.37,4.52,3.19,1.02,0.52,2.27,1.88,0.838,0.426
89,2018,Al-Farouq Aminu,96,92,9.41,6.90,1.55,0.94,0.57,1.05,1.41,0.746,0.417
90,2018,Goran Dragic,97,104,15.97,3.48,4.69,0.88,0.18,2.22,1.65,0.792,0.443
91,2018,Elfrid Payton,98,85,12.67,4.00,6.56,1.32,0.39,2.37,0.70,0.624,0.480
92,2018,John Collins,99,57,12.69,7.89,2.15,0.76,1.11,1.84,0.42,0.735,0.528
93,2018,Wesley Matthews,100,126,12.07,2.26,2.28,1.00,0.19,1.13,2.04,0.810,0.409
94,2018,Spencer Dinwiddie,101,135,11.54,2.28,5.07,0.73,0.20,1.31,1.48,0.780,0.414
95,2018,Kelly Olynyk,102,99,10.42,5.50,2.74,0.78,0.47,1.61,1.50,0.778,0.470
96,2018,Allen Crabbe,103,209,9.44,2.84,1.17,0.52,0.28,0.90,1.83,0.804,0.421
97,2018,Kyle O'Quinn,104,109,5.59,6.45,2.52,0.55,1.21,1.21,0.21,0.776,0.529
98,2018,E'Twaun Moore,105,157,10.62,2.40,1.99,0.80,0.16,0.98,1.42,0.760,0.471
99,2018,Larry Nance,106,91,8.03,6.57,1.64,1.23,0.51,1.03,0.16,0.688,0.539
100,2018,Ersan Ilyasova,107,233,8.84,4.08,0.95,0.47,0.24,0.88,1.14,0.802,0.437
101,2018,Jeremy Lamb,108,61,13.02,5.12,2.91,0.92,0.50,1.40,1.71,0.833,0.442
102,2018,Eric Gordon,109,90,16.35,2.29,2.10,0.63,0.35,1.63,2.90,0.818,0.430
103,2018,Greg Monroe,110,106,8.95,6.42,2.96,1.03,0.62,1.80,0.09,0.765,0.516
104,2018,DeMarre Carroll,111,198,10.38,4.19,1.45,0.70,0.21,1.11,1.60,0.752,0.408
105,2018,Thabo Sefolosha,112,173,5.30,3.68,1.04,1.10,0.29,0.73,0.84,0.762,0.461
106,2018,Brook Lopez,113,103,10.66,4.37,1.58,0.39,1.25,1.22,1.20,0.755,0.484
107,2018,Rodney Hood,114,67,14.45,4.10,3.00,0.98,0.32,1.70,2.53,0.831,0.420
108,2018,Pau Gasol,115,174,6.59,6.94,2.09,0.13,0.92,1.11,0.47,0.779,0.471
109,2018,Jusuf Nurkic,116,100,14.69,8.37,1.96,0.83,1.24,1.99,0.09,0.638,0.488
110,2018,James Johnson,117,130,7.13,4.48,3.11,0.88,0.71,1.40,0.87,0.704,0.465
111,2018,Bojan Bogdanovic,118,162,12.71,3.30,1.33,0.57,0.08,1.27,1.69,0.840,0.455
112,2018,Tyler Johnson,119,98,10.55,3.40,2.92,0.94,0.45,1.25,1.62,0.799,0.440
113,2018,Rajon Rondo,120,236,5.89,2.88,4.75,0.95,0.04,1.56,0.67,0.581,0.455
114,2018,Marvin Williams,121,153,7.25,4.76,1.28,0.57,0.47,0.79,1.52,0.796,0.440
115,2018,John Henson,122,196,6.07,5.26,1.03,0.37,1.22,0.88,0.00,0.584,0.539
116,2018,Reggie Bullock,123,163,9.88,2.28,1.36,0.72,0.14,0.81,1.78,0.804,0.457
117,2018,Mike Conley,124,78,16.26,2.26,4.00,0.99,0.23,1.65,1.94,0.819,0.418
118,2018,Jarrett Allen,125,58,11.04,7.37,1.59,0.75,1.30,1.63,0.38,0.796,0.520
119,2018,Kyle Kuzma,126,56,17.32,7.10,2.20,0.83,0.49,1.92,2.44,0.724,0.448
120,2018,Carmelo Anthony,127,199,10.95,4.12,1.96,0.30,0.42,1.32,1.38,0.799,0.440
121,2018,Danny Green,128,123,6.63,3.36,1.52,0.94,0.85,0.95,1.52,0.775,0.404
122,2018,Bobby Portis,129,84,13.00,7.65,2.33,0.85,0.47,1.76,1.36,0.756,0.451
123,2018,Willie Cauley-Stein,130,83,12.66,6.73,2.48,0.96,0.83,1.39,0.14,0.681,0.506
124,2018,Justin Holiday,131,132,10.97,3.51,2.05,0.93,0.35,1.17,1.80,0.810,0.398
125,2018,Dwight Powell,132,124,9.14,4.90,1.26,0.80,0.45,0.77,0.59,0.752,0.534
126,2018,Terry Rozier,133,110,10.08,4.55,3.10,0.98,0.22,1.09,1.67,0.753,0.419
127,2018,Bogdan Bogdanovic,134,171,11.17,2.12,2.88,0.71,0.09,1.41,1.57,0.832,0.440
128,2018,Kelly Oubre,135,131,11.79,4.21,1.00,0.94,0.37,1.04,1.49,0.789,0.424
129,2018,Markieff Morris,136,155,10.02,5.25,1.37,0.78,0.49,1.30,0.89,0.772,0.451
130,2018,Wayne Ellington,137,212,8.43,2.23,1.04,0.59,0.06,0.61,2.09,0.820,0.408
131,2018,Austin Rivers,138,278,8.28,1.34,2.26,0.73,0.13,1.27,1.49,0.647,0.417
132,2018,Jabari Parker,139,87,14.89,5.46,2.43,0.88,0.40,1.69,1.02,0.758,0.488
133,2018,Rudy Gay,140,75,11.91,6.02,1.95,1.08,0.75,1.77,1.14,0.801,0.456
134,2018,Delon Wright,141,137,6.56,2.93,3.31,1.07,0.44,1.24,1.05,0.787,0.446
135,2018,Cameron Payne,142,102,9.40,3.64,4.80,1.08,0.39,1.91,1.68,0.800,0.418
136,2018,Jeremy Lin,143,272,14.28,0.66,3.88,0.48,0.15,2.60,1.13,0.843,0.421
137,2018,JaMychal Green,144,170,8.14,7.18,1.12,0.55,0.43,1.23,0.86,0.764,0.459
138,2018,Wilson Chandler,146,269,6.01,4.10,1.28,0.34,0.35,0.92,1.13,0.782,0.427
139,2018,Michael Beasley,147,235,9.14,5.14,1.32,0.43,0.55,1.51,0.49,0.778,0.469
140,2018,Gerald Green,148,231,7.40,2.53,0.72,0.41,0.28,0.70,1.93,0.816,0.418
141,2018,Fred VanVleet,149,115,9.47,2.69,3.99,0.98,0.28,1.38,1.67,0.833,0.425
142,2018,Julius Randle,151,165,15.93,7.84,3.02,0.67,0.55,2.44,0.41,0.650,0.501
143,2018,Trey Burke,152,151,12.54,1.70,4.76,0.68,0.11,1.45,1.30,0.754,0.459
144,2018,Damion Lee,153,216,7.98,3.62,1.38,0.97,-0.01,0.84,1.00,0.801,0.418
145,2018,George Hill,154,118,12.40,2.69,3.53,0.81,0.22,1.52,1.52,0.809,0.454
146,2018,Mario Hezonja,155,159,7.95,3.70,1.61,0.98,0.39,1.16,1.17,0.805,0.434
147,2018,Marco Belinelli,156,238,10.25,2.03,1.65,0.61,0.07,0.90,1.50,0.826,0.411
148,2018,Joe Harris,157,112,11.52,4.06,2.10,0.70,0.29,1.38,2.12,0.794,0.460
149,2018,Mike Muscala,158,167,7.99,4.13,1.27,0.49,0.50,0.93,1.22,0.856,0.468
150,2018,Marcus Morris,159,185,12.27,4.77,1.25,0.58,0.24,1.06,1.44,0.775,0.418
151,2018,Zach LaVine,160,73,18.95,3.90,3.52,0.95,0.24,1.94,1.74,0.807,0.424
152,2018,Caris LeVert,161,65,13.85,4.88,4.38,1.28,0.36,2.26,1.75,0.762,0.440
153,2018,D.J. Augustin,162,125,12.23,2.79,4.62,0.76,0.07,1.87,1.98,0.863,0.419
154,2018,Jakob Poeltl,163,140,6.44,5.59,1.02,0.61,0.99,1.13,0.01,0.624,0.592
155,2018,Kyle Korver,164,218,8.07,2.48,1.46,0.30,0.30,0.89,1.92,0.861,0.443
156,2018,Andrew Wiggins,165,108,18.09,4.24,1.98,1.03,0.54,1.80,1.41,0.716,0.447
157,2018,Domantas Sabonis,166,146,12.15,6.99,1.67,0.64,0.48,1.62,0.35,0.756,0.490
158,2018,T.J. McConnell,167,144,4.94,3.08,4.24,1.28,0.17,1.36,0.56,0.778,0.486
159,2018,Ryan Anderson,168,192,8.00,4.71,0.86,0.37,0.27,0.64,1.91,0.830,0.410
160,2018,Brandon Ingram,169,133,16.52,5.34,3.16,0.84,0.62,2.15,0.76,0.708,0.459
161,2018,Jeff Green,170,257,8.21,3.00,0.95,0.47,0.35,0.89,0.85,0.791,0.450
162,2018,J.J. Barea,171,240,9.51,1.73,6.01,0.39,-0.01,1.92,1.58,0.805,0.416
163,2018,Alex Len,172,69,11.45,8.18,2.26,0.73,1.07,1.52,0.19,0.726,0.511
164,2018,Jaylen Brown,173,119,14.29,4.87,1.73,0.93,0.42,1.68,1.66,0.684,0.454
165,2018,Dwight Howard,175,129,13.86,11.10,1.31,0.62,1.47,2.32,0.11,0.557,0.565
166,2018,Tomas Satoransky,176,228,4.79,2.81,2.71,0.72,0.15,1.04,0.89,0.753,0.502
167,2018,Reggie Jackson,177,182,13.42,2.14,5.16,0.65,0.08,2.01,1.27,0.841,0.420
168,2018,Jonathan Isaac,178,60,10.93,5.59,1.55,1.43,1.14,1.53,1.21,0.773,0.410
169,2018,Pascal Siakam,179,64,11.57,5.86,2.75,0.98,0.74,1.29,1.03,0.681,0.508
170,2018,D'Angelo Russell,180,95,16.13,4.05,5.13,1.11,0.36,2.86,1.82,0.760,0.427
171,2018,Ish Smith,181,254,9.72,2.23,3.89,0.74,0.21,1.37,0.49,0.697,0.436
172,2018,Nerlens Noel,182,114,6.26,6.40,1.00,1.22,0.88,1.05,-0.01,0.669,0.514
173,2018,Trey Lyles,183,161,10.01,4.77,1.41,0.52,0.48,1.10,1.26,0.737,0.464
174,2018,Jordan Clarkson,184,116,15.11,3.14,3.59,0.88,0.15,1.86,1.58,0.816,0.440
175,2018,Patty Mills,185,222,7.79,2.02,2.41,0.69,0.06,1.05,1.51,0.829,0.422
176,2018,Yogi Ferrell,186,145,8.34,3.22,2.95,0.91,0.14,1.20,1.74,0.814,0.424
177,2018,Anthony Tolliver,187,234,6.87,3.09,1.10,0.36,0.25,0.67,1.82,0.760,0.428
178,2018,P.J. Tucker,188,111,8.00,6.10,1.53,1.12,0.32,1.04,1.67,0.725,0.409
179,2018,Montrezl Harrell,189,189,10.87,4.66,1.46,0.51,0.71,1.06,0.15,0.625,0.596
180,2018,Marcin Gortat,190,175,7.06,7.55,1.52,0.40,0.70,0.98,0.03,0.672,0.531
181,2018,Kosta Koufos,191,204,4.97,6.14,1.02,0.56,0.59,0.74,0.07,0.546,0.536
182,2018,Robin Lopez,192,313,6.29,3.84,1.01,0.05,0.78,1.11,0.07,0.775,0.509
183,2018,Jae Crowder,193,177,8.35,3.47,1.25,0.82,0.19,0.80,1.45,0.795,0.425
184,2018,Cory Joseph,194,214,4.86,3.18,2.99,0.87,0.19,1.00,0.77,0.783,0.434
185,2018,Maurice Harkless,195,220,4.97,2.40,1.05,0.76,0.54,0.71,0.85,0.646,0.471
186,2018,Shabazz Napier,197,193,7.96,2.37,2.60,0.99,0.13,1.12,1.20,0.797,0.414
187,2018,Isaiah Canaan,199,136,11.27,3.03,4.35,0.91,0.14,1.79,1.73,0.851,0.402
188,2018,Jordan Bell,200,128,6.28,4.56,2.23,0.66,1.00,0.95,0.09,0.676,0.586
189,2018,Tyus Jones,201,164,7.00,2.17,3.20,1.18,0.15,1.05,0.79,0.801,0.434
190,2018,James Ennis,202,142,8.61,4.28,1.45,0.81,0.32,1.03,1.27,0.793,0.473
191,2018,Luc Mbah a Moute,203,237,4.78,3.18,0.78,0.88,0.35,0.80,0.96,0.654,0.449
192,2018,Terrence Ross,204,205,10.72,2.21,1.15,0.75,0.29,1.03,1.48,0.791,0.418
193,2018,Tyson Chandler,205,299,4.69,7.69,0.80,0.09,0.49,1.08,-0.02,0.644,0.609
194,2018,Marcus Smart,206,107,9.61,3.83,3.83,1.36,0.39,1.68,1.40,0.736,0.406
195,2018,Andre Iguodala,207,168,5.56,3.67,3.06,0.85,0.44,0.91,0.83,0.690,0.445
196,2018,Quinn Cook,208,184,10.05,2.23,2.96,0.47,0.01,1.14,1.43,0.831,0.494
197,2018,Milos Teodosic,209,348,4.54,1.55,3.15,0.27,-0.09,1.43,1.49,0.825,0.410
198,2018,Wesley Johnson,210,138,7.41,3.76,1.30,0.97,0.72,0.86,1.28,0.747,0.402
199,2018,Josh Hart,211,169,8.00,4.53,1.19,0.75,0.28,0.86,1.31,0.718,0.463
200,2018,Jonathon Simmons,212,309,10.95,2.12,1.54,0.52,0.09,1.43,0.84,0.792,0.444
201,2018,Dwyane Wade,213,152,10.55,3.57,3.47,0.95,0.60,1.90,0.60,0.745,0.463
202,2018,Frank Kaminsky,214,203,7.78,3.94,1.74,0.55,0.31,1.00,1.42,0.800,0.424
203,2018,Ekpe Udoh,215,202,3.52,3.00,1.25,0.65,1.14,0.52,0.05,0.720,0.465
204,2018,Stanley Johnson,216,225,7.63,2.67,1.25,1.01,0.19,0.97,0.99,0.776,0.411
205,2018,Garrett Temple,217,158,9.89,3.05,1.96,1.02,0.38,1.19,1.61,0.735,0.405
206,2018,Justise Winslow,218,96,10.14,6.46,2.82,1.15,0.57,1.44,1.08,0.680,0.423
207,2018,Nemanja Bjelica,219,150,9.12,4.91,1.62,0.77,0.28,1.15,1.64,0.708,0.448
208,2018,J.R. Smith,220,290,7.33,1.71,1.34,0.62,0.02,0.88,1.60,0.741,0.413
209,2018,Tony Snell,221,320,6.56,1.07,0.87,0.40,0.17,0.60,1.28,0.817,0.423
210,2018,C.J. Miles,222,239,7.73,2.15,1.02,0.52,0.29,0.70,1.83,0.811,0.401
211,2018,Ed Davis,223,219,5.24,6.72,0.74,0.46,0.67,0.86,0.08,0.620,0.570
212,2018,Jerian Grant,224,207,5.92,2.47,4.08,0.87,0.10,1.20,0.91,0.784,0.421
213,2018,Daniel Theis,225,187,4.50,4.90,1.20,0.53,0.79,0.93,0.56,0.772,0.523
214,2018,Richaun Holmes,226,178,5.10,5.08,1.13,0.53,0.70,0.74,0.39,0.724,0.543
215,2018,Avery Bradley,227,186,9.82,3.15,1.60,1.00,0.19,1.36,1.46,0.763,0.425
216,2018,Jerami Grant,228,148,11.13,5.34,1.26,0.70,1.10,1.17,0.78,0.644,0.469
217,2018,Shaquille Harrison,230,176,6.26,3.07,3.21,1.12,0.28,1.16,0.54,0.726,0.458
218,2018,Tyrone Wallace,231,283,6.78,2.81,2.06,0.72,0.25,1.16,0.44,0.772,0.446
219,2018,Andrew Harrison,233,250,7.25,1.76,3.06,0.63,0.36,1.34,0.95,0.804,0.419
220,2018,Skal Labissiere,235,183,7.15,5.58,1.23,0.54,0.74,1.21,0.53,0.793,0.470
221,2018,Dennis Smith,239,147,13.91,3.52,3.90,1.06,0.34,2.26,1.56,0.721,0.420
222,2018,Luke Kornet,240,194,5.24,3.78,1.45,0.39,0.81,0.89,1.36,0.722,0.420
223,2018,Zaza Pachulia,241,343,5.25,3.66,0.86,0.34,0.18,0.78,-0.01,0.753,0.494
224,2018,Maxi Kleber,242,226,5.63,3.16,0.90,0.41,0.66,0.61,0.80,0.751,0.489
225,2018,Gorgui Dieng,243,166,6.50,5.02,1.05,0.69,0.63,0.79,0.37,0.778,0.494
226,2018,Troy Williams,244,201,7.21,3.22,1.18,1.12,0.26,1.08,0.88,0.692,0.459
227,2018,Devin Harris,245,294,5.41,1.14,2.55,0.71,0.12,1.14,0.98,0.804,0.426
228,2018,Bam Adebayo,246,156,8.32,6.19,1.67,0.64,0.67,1.16,0.11,0.748,0.508
229,2018,Dillon Brooks,247,262,9.55,2.33,1.24,0.72,0.13,1.25,1.15,0.762,0.446
230,2018,Monte Morris,249,127,7.94,1.46,3.40,1.17,0.07,0.92,0.46,0.803,0.584
231,2018,Luke Kennard,250,221,6.07,2.76,1.77,0.71,0.24,1.07,1.25,0.842,0.446
232,2018,Evan Turner,251,252,6.50,3.05,2.39,0.69,0.30,1.16,0.56,0.819,0.430
233,2018,Amir Johnson,252,190,5.46,4.62,1.47,0.49,0.67,0.64,0.26,0.688,0.557
234,2018,Darius Miller,253,308,4.99,1.67,1.22,0.37,0.14,0.55,1.45,0.810,0.418
235,2018,Michael Kidd-Gilchrist,254,245,8.56,3.95,1.13,0.57,0.47,0.80,0.09,0.723,0.491
236,2018,JaVale McGee,257,191,7.67,4.64,0.82,0.42,1.16,0.86,0.07,0.645,0.559
237,2018,Vince Carter,258,229,6.79,2.55,1.86,0.62,0.35,0.80,1.19,0.795,0.411
238,2018,Mason Plumlee,260,180,6.16,5.91,2.26,0.73,0.96,1.36,0.09,0.550,0.556
239,2018,Chandler Parsons,262,139,7.30,3.34,2.66,0.83,0.30,1.18,1.80,0.697,0.442
240,2018,Bismack Biyombo,263,217,4.32,5.99,0.68,0.37,1.15,0.90,0.07,0.608,0.514
241,2018,Marquese Chriss,264,215,5.54,4.80,1.04,0.61,0.87,1.32,0.77,0.601,0.462
242,2018,Jarell Martin,265,243,5.86,4.99,0.92,0.54,0.58,1.07,0.59,0.776,0.439
243,2018,Dante Exum,266,261,7.72,2.29,2.65,0.64,0.22,1.42,0.73,0.789,0.464
244,2018,Jamal Crawford,267,319,8.14,1.08,1.73,0.44,0.09,0.99,1.22,0.874,0.409
245,2018,Cody Zeller,268,121,10.23,6.31,1.58,0.76,0.73,1.22,0.21,0.725,0.527
246,2018,Dragan Bender,269,246,4.50,4.69,1.06,0.41,0.63,1.31,1.35,0.740,0.425
247,2018,Shelvin Mack,272,259,7.34,2.24,2.92,0.77,0.07,1.17,0.91,0.726,0.436
248,2018,Salah Mejri,273,284,2.74,3.86,0.61,0.41,0.98,0.56,0.03,0.575,0.592
249,2018,Lance Stephenson,274,258,8.54,4.31,2.51,0.55,0.16,1.25,0.86,0.702,0.431
250,2018,David Nwaba,277,200,8.19,4.55,1.61,0.81,0.39,1.04,0.54,0.671,0.495
251,2018,Tyler Ulis,278,310,3.53,1.26,4.23,0.80,0.05,1.41,0.62,0.800,0.414
252,2018,Troy Daniels,281,330,5.00,1.63,0.58,0.34,0.06,0.64,1.70,0.797,0.416
253,2018,Mike Scott,282,312,6.48,3.24,1.14,0.30,0.13,0.92,1.00,0.757,0.473
254,2018,Alec Burks,283,281,7.70,3.12,1.36,0.63,0.15,0.92,0.87,0.790,0.418
255,2018,Davis Bertans,286,247,7.05,2.68,1.06,0.36,0.42,0.63,1.32,0.794,0.437
256,2018,Channing Frye,287,293,3.76,3.12,0.99,0.32,0.38,0.62,1.03,0.788,0.462
257,2018,C.J. Williams,289,289,3.61,1.62,1.16,0.75,0.22,0.55,0.82,0.748,0.442
258,2018,OG Anunoby,291,268,6.28,2.33,1.21,0.71,0.17,1.02,1.29,0.680,0.463
259,2018,Ben McLemore,292,288,4.39,2.69,1.23,0.72,0.24,1.04,1.06,0.777,0.420
260,2018,Omri Casspi,293,286,4.66,3.67,1.03,0.48,0.26,0.63,0.58,0.694,0.492
261,2018,Raymond Felton,295,296,6.43,2.11,2.29,0.66,0.18,1.13,0.93,0.805,0.398
262,2018,De'Aaron Fox,296,197,12.33,3.23,4.07,1.04,0.34,2.14,0.67,0.732,0.427
263,2018,Ivan Rabb,297,224,6.07,5.42,1.17,0.45,0.51,1.12,0.10,0.780,0.544
264,2018,Aron Baynes,301,349,4.97,4.12,0.59,0.08,0.44,0.72,0.05,0.743,0.474
265,2018,Patrick Patterson,302,280,4.11,3.36,0.69,0.51,0.33,0.52,0.96,0.765,0.428
266,2018,Boban Marjanovic,303,263,6.29,4.88,0.64,0.24,0.42,0.51,0.13,0.778,0.541
267,2018,Frank Mason,304,242,7.65,2.86,3.36,0.77,0.21,1.38,0.72,0.774,0.415
268,2018,Langston Galloway,305,251,8.14,1.62,1.40,0.69,0.10,0.62,1.38,0.795,0.404
269,2018,Jonas Jerebko,307,297,6.36,3.46,0.75,0.35,0.20,0.55,0.91,0.765,0.441
270,2018,Kenneth Faried,309,241,4.47,5.64,0.86,0.52,0.52,0.76,0.07,0.673,0.525
271,2018,Michael Carter-Williams,310,232,3.92,3.08,2.99,0.97,0.38,1.27,0.55,0.720,0.406
272,2018,Justin Jackson,311,339,6.73,2.20,1.12,0.34,0.12,0.78,0.81,0.760,0.437
273,2018,Cheick Diallo,312,227,6.52,4.95,0.58,0.35,0.55,0.62,0.06,0.761,0.551
274,2018,Dante Cunningham,313,210,5.48,4.80,1.06,0.63,0.38,0.76,1.10,0.596,0.434
275,2018,Josh Jackson,314,195,11.39,4.94,1.33,1.01,0.53,1.66,0.72,0.672,0.432
276,2018,Pat Connaughton,315,317,5.20,2.15,1.03,0.36,0.21,0.52,0.96,0.823,0.431
277,2018,Kevon Looney,317,230,5.58,4.31,0.87,0.58,0.74,0.64,0.09,0.589,0.568
278,2018,Royce O'Neale,318,255,5.36,3.75,1.52,0.60,0.21,0.79,0.84,0.787,0.434
279,2018,Khem Birch,320,266,4.09,4.95,0.95,0.42,0.50,0.69,0.10,0.726,0.527
280,2018,Thon Maker,322,249,4.63,3.77,0.65,0.50,0.76,0.65,0.56,0.714,0.460
281,2018,Jose Calderon,323,333,3.27,1.03,2.62,0.43,-0.06,0.83,1.04,0.804,0.468
282,2018,Tim Frazier,325,285,3.09,1.88,3.85,0.76,0.06,1.01,0.58,0.608,0.421
283,2018,Tristan Thompson,326,208,8.71,7.81,1.50,0.59,0.60,1.14,0.14,0.562,0.524
284,2018,Rodney McGruder,327,211,9.57,3.04,1.83,0.69,0.23,0.93,1.49,0.641,0.470
285,2018,Shaun Livingston,328,323,5.69,1.80,2.29,0.48,0.25,0.94,0.05,0.783,0.491
286,2018,Wayne Selden,329,292,9.69,1.78,1.61,0.57,0.12,1.27,1.39,0.763,0.426
287,2018,Sterling Brown,331,282,4.97,3.02,0.59,0.68,0.25,0.56,0.74,0.834,0.434
288,2018,Jahlil Okafor,332,274,5.74,4.08,0.76,0.35,0.78,1.08,0.16,0.699,0.541
289,2018,Jared Dudley,335,206,7.24,3.43,1.89,0.66,0.24,0.95,1.28,0.761,0.442
290,2018,Ian Mahinmi,336,315,4.01,4.12,0.48,0.55,0.56,0.86,-0.01,0.654,0.546
291,2018,Ian Clark,338,340,4.32,1.59,1.44,0.47,0.12,0.72,0.76,0.771,0.435
292,2018,Doug McDermott,340,327,6.53,2.58,0.90,0.28,0.13,0.60,0.99,0.754,0.442
293,2018,Dorian Finney-Smith,343,341,6.15,1.92,0.94,0.45,0.12,0.75,0.97,0.739,0.412
294,2018,Noah Vonleh,344,267,6.30,5.58,0.63,0.43,0.41,0.79,0.20,0.751,0.466
295,2018,Ron Baker,345,277,6.61,1.76,1.88,0.86,0.18,0.89,0.80,0.771,0.407
296,2018,Alex Abrines,349,314,4.25,2.02,0.53,0.56,0.11,0.50,1.22,0.807,0.405
297,2018,Glenn Robinson,354,311,5.97,2.05,0.72,0.60,0.09,0.49,0.75,0.772,0.446
298,2018,Emmanuel Mudiay,355,248,7.91,2.81,3.74,0.76,0.22,1.96,1.02,0.783,0.423
299,2018,Cristiano Felicio,358,301,6.02,4.78,1.09,0.39,0.27,0.94,0.08,0.712,0.540
300,2018,Matthew Dellavedova,359,337,3.18,1.48,3.13,0.50,-0.02,1.06,0.89,0.806,0.402
301,2018,Torrey Craig,360,223,6.94,4.15,1.17,0.51,0.41,0.92,1.09,0.728,0.444
302,2018,Tony Parker,361,342,6.81,1.41,3.34,0.45,0.00,1.23,0.32,0.750,0.462
303,2018,Tyler Dorsey,363,265,6.43,2.91,2.19,0.48,0.17,1.13,1.48,0.748,0.417
304,2018,Norman Powell,364,260,7.17,2.27,1.59,0.67,0.23,0.94,0.96,0.789,0.436
305,2018,Ante Zizic,365,244,6.33,3.47,0.97,0.26,0.65,0.72,0.14,0.763,0.582
306,2018,Markelle Fultz,368,181,9.43,4.92,4.50,1.18,0.47,1.59,0.29,0.558,0.420
307,2018,Lance Thomas,369,346,5.17,2.49,0.69,0.37,0.13,0.55,0.73,0.787,0.394
308,2018,Treveon Graham,371,328,3.42,2.18,1.14,0.54,0.01,0.55,0.87,0.759,0.452
309,2018,Wade Baldwin,374,306,5.18,1.66,1.68,0.62,0.19,1.07,0.73,0.719,0.498
310,2018,Sindarius Thornwell,376,279,3.61,2.65,1.21,0.76,0.30,0.68,0.62,0.722,0.458
311,2018,Iman Shumpert,377,179,9.52,3.90,1.83,0.97,0.33,1.41,1.37,0.736,0.415
312,2018,Bryn Forbes,380,304,9.92,2.65,2.29,0.56,0.09,1.55,1.43,0.690,0.419
313,2018,Frank Ntilikina,382,160,10.09,3.84,4.31,1.11,0.37,2.23,1.12,0.726,0.411
314,2018,Meyers Leonard,384,335,3.94,2.69,0.88,0.26,0.17,0.62,0.74,0.803,0.498
315,2018,Jon Leuer,385,347,3.41,4.09,0.59,0.23,0.33,0.80,0.36,0.782,0.440
316,2018,Zach Collins,386,300,7.49,4.18,1.01,0.42,0.56,1.05,0.61,0.717,0.420
317,2018,Derrick Rose,388,270,11.97,2.30,3.23,0.45,0.27,1.94,0.56,0.816,0.432
318,2018,Naz Mitrou-Long,393,361,6.36,-2.01,1.58,-0.15,0.17,0.62,1.17,0.753,0.596
319,2018,Antonio Blakeney,396,303,7.76,2.61,1.57,0.57,0.18,0.88,0.84,0.753,0.408
320,2018,Miles Plumlee,398,365,2.73,2.95,0.73,0.24,0.42,0.90,0.06,0.507,0.526
321,2018,DeAndre' Bembry,399,326,6.80,3.27,2.28,0.69,0.40,1.51,0.62,0.601,0.426
322,2018,Malik Monk,401,271,9.18,1.81,1.94,0.51,0.22,1.06,1.34,0.790,0.410
323,2018,Ivica Zubac,402,305,4.03,4.45,0.79,0.39,0.57,0.89,0.05,0.731,0.520
324,2018,Damyean Dotson,407,321,6.13,2.48,1.04,0.45,0.06,0.61,0.70,0.780,0.452
325,2018,Wesley Iwundu,409,256,8.47,3.82,1.66,0.77,0.29,1.04,0.57,0.681,0.428
326,2018,Terrance Ferguson,410,273,8.40,3.03,1.34,0.76,0.37,0.97,1.35,0.481,0.423
327,2018,Timothe Luwawu-Cabarrot,411,338,4.36,2.41,0.86,0.43,0.15,0.77,0.99,0.794,0.406
328,2018,Jaylen Morris,412,332,3.90,3.36,1.21,0.44,0.23,0.94,0.62,0.721,0.428
329,2018,Juan Hernangomez,413,295,6.56,3.19,0.81,0.42,0.19,0.62,0.94,0.785,0.428
330,2018,Ryan Arcidiacono,414,325,4.90,1.69,2.38,0.66,0.01,0.90,0.77,0.712,0.430
331,2018,Sam Dekker,415,291,6.66,3.53,1.14,0.46,0.24,0.66,0.53,0.606,0.503
332,2018,Luol Deng,419,360,2.93,1.14,0.96,0.59,0.05,0.89,0.41,0.695,0.460
333,2018,Nik Stauskas,421,307,6.76,2.17,1.40,0.40,0.18,0.68,1.21,0.742,0.415
334,2018,Cedi Osman,423,213,9.98,3.76,1.98,0.73,0.17,1.05,1.24,0.563,0.512
335,2018,Derrick Jones,425,275,6.10,3.17,0.78,0.49,0.56,0.58,0.57,0.684,0.467
336,2018,Jason Smith,426,345,4.67,2.50,0.46,0.16,0.54,0.48,0.38,0.736,0.436
337,2018,Lorenzo Brown,431,354,2.58,1.38,2.06,0.59,-0.02,0.91,0.51,0.713,0.421
338,2018,Derrick White,434,253,8.44,3.33,2.35,0.54,0.31,1.64,1.03,0.721,0.472
339,2018,Solomon Hill,436,316,5.05,2.87,1.39,0.67,0.13,0.75,0.69,0.722,0.404
340,2018,Willy Hernangomez,438,276,6.60,4.32,1.23,0.46,0.41,1.00,0.21,0.627,0.554
341,2018,Dwayne Bacon,443,336,5.65,2.84,0.97,0.44,0.05,0.52,0.48,0.778,0.425
342,2018,Malik Beasley,446,331,5.67,1.92,0.91,0.46,0.15,0.62,0.78,0.790,0.436
343,2018,Edmond Sumner,447,344,5.06,2.99,1.41,0.18,0.22,0.82,0.18,0.685,0.600
344,2018,Daniel Hamilton,449,322,4.82,1.85,2.42,0.43,0.08,0.85,0.83,0.665,0.459
345,2018,Guerschon Yabusele,450,329,5.80,2.70,0.97,0.22,0.27,0.58,0.69,0.726,0.462
346,2018,Malachi Richardson,453,334,5.54,2.12,0.94,0.51,0.08,0.64,0.75,0.777,0.421
347,2018,T.J. Leaf,456,351,3.18,2.91,0.46,0.25,0.22,0.54,0.50,0.718,0.468
348,2018,Ike Anigbogu,457,302,3.15,3.34,0.53,0.36,0.78,0.58,-0.01,0.818,0.510
349,2018,Henry Ellenson,458,357,3.70,3.06,0.54,0.23,0.14,0.59,0.59,0.766,0.419
350,2018,Semi Ojeleye,465,350,3.07,2.84,0.57,0.35,0.12,0.51,0.74,0.597,0.408
351,2018,John Holland,471,358,2.71,1.57,0.67,0.39,0.09,0.49,0.77,0.770,0.406
352,2018,Abdel Nader,477,353,3.12,2.44,0.63,0.40,0.22,0.64,0.58,0.639,0.406
353,2018,Quincy Pondexter,479,356,3.55,1.88,0.66,0.42,0.08,0.41,0.56,0.780,0.395
354,2018,Alfonzo McKinnie,480,364,3.53,1.23,0.65,0.21,0.12,0.49,0.63,0.603,0.532
355,2018,Jake Layman,481,298,5.44,2.37,1.36,0.58,0.22,0.90,0.99,0.804,0.421
356,2018,Damian Jones,485,324,6.69,3.64,0.96,0.40,0.47,0.89,0.11,0.625,0.500
357,2018,Gordon Hayward,486,264,10.08,2.71,2.18,0.51,0.20,1.37,1.20,0.718,0.471
358,2018,Alex Poythress,489,352,5.17,2.28,1.01,0.26,0.11,0.70,0.69,0.702,0.449
359,2018,Zhou Qi,494,318,3.39,2.76,0.69,0.23,1.01,0.74,0.47,0.573,0.414
360,2018,Caleb Swanigan,495,355,6.85,3.54,1.19,0.37,0.23,0.99,0.25,0.635,0.428
361,2018,Thomas Bryant,498,362,5.77,2.59,0.79,0.28,0.27,0.53,0.48,0.535,0.421
362,2018,Furkan Korkmaz,499,359,6.35,1.94,0.78,0.36,0.18,0.66,0.79,0.570,0.418
363,2018,Georges Niang,507,363,5.40,1.98,0.72,0.31,0.02,0.51,0.39,0.694,0.419
364,2018,Udonis Haslem,510,366,2.33,2.29,0.47,0.15,0.11,0.58,0.43,0.737,0.435
365,2018,Tyler Lydon,519,367,3.29,1.23,1.13,0.16,0.04,0.72,0.12,0.659,0.417
366,2018,Chris Boucher,533,287,5.96,5.87,1.00,0.26,0.35,0.76,0.70,0.684,0.414
